SNo,Name,Symbol,Date,High,Low,Open,Close,Volume,Marketcap
1,Polkadot,DOT,8/21/2020 23:59,3.090092668,2.730918684,2.896923286,2.875028269,49313136.83,0
2,Polkadot,DOT,8/22/2020 23:59,4.510613389,2.816761853,2.878570043,4.484690143,485801095.8,0
3,Polkadot,DOT,8/23/2020 23:59,4.487058365,3.716271054,4.487058365,3.967065692,320749483.2,0
4,Polkadot,DOT,8/24/2020 23:59,4.78315824,3.812669519,3.987413492,4.602614152,407690170.9,0
5,Polkadot,DOT,8/25/2020 23:59,5.76077535,4.501222746,4.584953246,5.523393007,898847538.5,0
6,Polkadot,DOT,8/26/2020 23:59,6.554688261,5.136205295,5.541405856,6.081716469,1054351759,0
7,Polkadot,DOT,8/27/2020 23:59,6.789179914,5.313926273,6.075772238,5.628337353,1289248953,0
8,Polkadot,DOT,8/28/2020 23:59,6.333746061,5.540963001,5.639485572,6.159954758,727162235,0
9,Polkadot,DOT,8/29/2020 23:59,6.562905829,6.042308827,6.17592465,6.159143225,527290028.3,0
10,Polkadot,DOT,8/30/2020 23:59,6.21950642,5.749977526,6.153439932,5.869880809,485335136.2,0
11,Polkadot,DOT,8/31/2020 23:59,6.459376786,5.772966048,5.905917588,6.300020215,512604781.5,0
12,Polkadot,DOT,9/1/2020 23:59,6.838898391,6.172323948,6.298809905,6.288766575,601527408.6,0
13,Polkadot,DOT,9/2/2020 23:59,6.432652406,5.657441785,6.282686213,6.139465241,584155027.7,5234800947
14,Polkadot,DOT,9/3/2020 23:59,6.318079311,5.682590153,6.131179304,5.747867754,763663456.7,4900906249
15,Polkadot,DOT,9/4/2020 23:59,5.981394812,4.62672016,5.726610178,5.146037892,845787793.2,4387757398
16,Polkadot,DOT,9/5/2020 23:59,5.31178363,3.653467852,5.136033381,4.122312597,805800384.9,3514880375
17,Polkadot,DOT,9/6/2020 23:59,4.901649589,3.759745304,4.137031926,4.79946794,924160481.9,4092255324
18,Polkadot,DOT,9/7/2020 23:59,4.820003375,4.032633369,4.796047798,4.594668645,675375182.7,3917633675
19,Polkadot,DOT,9/8/2020 23:59,4.616440164,4.119595328,4.588958479,4.274324454,519440288.1,3644492936
20,Polkadot,DOT,9/9/2020 23:59,4.796723407,4.158872746,4.2828681,4.708938952,534097093.9,4015065991
21,Polkadot,DOT,9/10/2020 23:59,4.870140512,4.471294823,4.709849437,4.581584324,633577673.9,3906477359
22,Polkadot,DOT,9/11/2020 23:59,4.74811022,4.317129818,4.579847884,4.645566628,633472139.9,3961031724
23,Polkadot,DOT,9/12/2020 23:59,5.280156444,4.516018903,4.650602049,5.137036932,753745736.5,4380082751
24,Polkadot,DOT,9/13/2020 23:59,5.478801184,4.806825637,5.145041285,5.297950892,1099475714,4517285669
25,Polkadot,DOT,9/14/2020 23:59,5.602782162,5.126424576,5.296419926,5.348709305,1008259712,4560564714
26,Polkadot,DOT,9/15/2020 23:59,5.451916736,5.0957059,5.366625971,5.0957059,897864383.9,4344841941
27,Polkadot,DOT,9/16/2020 23:59,5.28132267,4.986211227,5.068962607,5.080322104,792360520.6,4331724983
28,Polkadot,DOT,9/17/2020 23:59,5.417671066,5.061746765,5.080322104,5.336301112,776350363,4549984896
29,Polkadot,DOT,9/18/2020 23:59,5.459139381,5.108553299,5.341709313,5.245763546,683398179.6,4472788249
30,Polkadot,DOT,9/19/2020 23:59,5.255690828,4.824983281,5.253237044,4.925410655,605268040.1,4199640091
31,Polkadot,DOT,9/20/2020 23:59,4.974466286,4.424917844,4.928915138,4.672449018,798507890.7,3983952932
32,Polkadot,DOT,9/21/2020 23:59,4.700902653,3.950476416,4.672449018,4.094597401,1096736657,3491249077
33,Polkadot,DOT,9/22/2020 23:59,4.208596191,3.918225095,4.085401814,4.174463045,673117343.7,3559346335
34,Polkadot,DOT,9/23/2020 23:59,4.31589082,3.97410084,4.16855388,4.03141516,557062766.2,3437376886
35,Polkadot,DOT,9/24/2020 23:59,4.39995006,3.99318391,4.02136775,4.38197305,437573445.7,3736279268
36,Polkadot,DOT,9/25/2020 23:59,4.52789841,4.26206226,4.37626455,4.42095446,425191119.3,3769516671
37,Polkadot,DOT,9/26/2020 23:59,4.46401668,4.2425426,4.42224712,4.34766168,329745176.1,3707023756
38,Polkadot,DOT,9/27/2020 23:59,4.36219225,4.16051801,4.34038273,4.31028125,316361927.4,3675151412
39,Polkadot,DOT,9/28/2020 23:59,4.58297971,4.27012712,4.30243663,4.39786057,543507456.5,3749825721
40,Polkadot,DOT,9/29/2020 23:59,4.60288724,4.35814665,4.42175762,4.50045212,508965929.3,3837300168
41,Polkadot,DOT,9/30/2020 23:59,4.5029078,4.25363888,4.5029078,4.34978056,378446619.7,3708830409
42,Polkadot,DOT,10/1/2020 23:59,4.58343031,4.25738199,4.35096756,4.34383142,445143707.9,3703757887
43,Polkadot,DOT,10/2/2020 23:59,4.35854472,3.93316154,4.34450396,4.12317927,554916297.4,3515619342
44,Polkadot,DOT,10/3/2020 23:59,4.13151263,4.03811866,4.12732162,4.07004647,361964763.2,3470315784
45,Polkadot,DOT,10/4/2020 23:59,4.19549358,4.02151674,4.06763299,4.17391126,286356968.6,3558875853
46,Polkadot,DOT,10/5/2020 23:59,4.23352845,4.12023205,4.18127259,4.17269979,332264663.8,3557842898
47,Polkadot,DOT,10/6/2020 23:59,4.18200208,3.64568094,4.16927135,3.75616173,662270710.9,3202682677
48,Polkadot,DOT,10/7/2020 23:59,3.87770316,3.62027134,3.75345569,3.85879757,629063455.8,3290194893
49,Polkadot,DOT,10/8/2020 23:59,4.16000962,3.66464088,3.85762533,4.10264234,614223110.6,3498108576
50,Polkadot,DOT,10/9/2020 23:59,4.3519417,4.02002285,4.1118526,4.26246761,491506581.9,3634383221
51,Polkadot,DOT,10/10/2020 23:59,4.47580068,4.23972928,4.26040695,4.25295528,492038159.2,3626272562
52,Polkadot,DOT,10/11/2020 23:59,4.33436964,4.17862061,4.25869866,4.26216216,388098955,3634122785
53,Polkadot,DOT,10/12/2020 23:59,4.43700326,4.20790264,4.25573928,4.31994798,489608532.2,3683393733
54,Polkadot,DOT,10/13/2020 23:59,4.34451373,4.15770655,4.31607875,4.24940015,420659947,3623241282
55,Polkadot,DOT,10/14/2020 23:59,4.35809785,4.09373446,4.25553051,4.19911439,520198619.3,3580365245
56,Polkadot,DOT,10/15/2020 23:59,4.19229289,4.03381124,4.19229289,4.09681088,450623089.5,3493136395
57,Polkadot,DOT,10/16/2020 23:59,4.1571084,3.83991198,4.10002446,3.90952943,443295515.2,3333451300
58,Polkadot,DOT,10/17/2020 23:59,3.97736805,3.8716104,3.91712827,3.96725217,206453737.7,3382668461
59,Polkadot,DOT,10/18/2020 23:59,4.12171798,3.96001225,3.96836011,4.1046509,204108300.4,3499821171
60,Polkadot,DOT,10/19/2020 23:59,4.11124377,3.9641658,4.11096489,3.99059237,249983725,3402569424
61,Polkadot,DOT,10/20/2020 23:59,4.13819549,3.87563877,3.98968963,3.91034337,502694692.8,3334145297
62,Polkadot,DOT,10/21/2020 23:59,4.24558051,3.90534078,3.90600385,4.14111972,458018406.6,3530916223
63,Polkadot,DOT,10/22/2020 23:59,4.33187496,4.1316499,4.14091473,4.26894964,367309225.3,3639910112
64,Polkadot,DOT,10/23/2020 23:59,4.47415712,4.20227598,4.27390904,4.2668497,461816708,3638119606
65,Polkadot,DOT,10/24/2020 23:59,4.4309251,4.24464275,4.26685298,4.35534397,310306551.7,3713574041
66,Polkadot,DOT,10/25/2020 23:59,4.44723966,4.26793836,4.35534397,4.33523061,339106539.3,3696424432
67,Polkadot,DOT,10/26/2020 23:59,4.73870836,4.30417111,4.33523115,4.72701624,722990809.8,4030479550
68,Polkadot,DOT,10/27/2020 23:59,4.92778012,4.66053578,4.72701627,4.68395195,820401908.7,3993760877
69,Polkadot,DOT,10/28/2020 23:59,4.77425197,4.26227648,4.68395355,4.36509669,649971738,3721889676
70,Polkadot,DOT,10/29/2020 23:59,4.40378108,3.87925149,4.36509803,4.05334477,686597328.9,3456075113
71,Polkadot,DOT,10/30/2020 23:59,4.1567611,3.93718717,4.05327784,4.08811312,586577443.3,3485720265
72,Polkadot,DOT,10/31/2020 23:59,4.27423096,4.07273564,4.0881861,4.18176751,318678917.4,3565574466
73,Polkadot,DOT,11/1/2020 23:59,4.22561493,4.12206332,4.18167307,4.22561493,302861123.8,3602960876
74,Polkadot,DOT,11/2/2020 23:59,4.26160818,3.98563069,4.22576921,4.0302315,503474044.4,3436367636
75,Polkadot,DOT,11/3/2020 23:59,4.06516097,3.88636969,4.03022899,4.02546848,413471120.9,3432306462
76,Polkadot,DOT,11/4/2020 23:59,4.14728105,3.89419012,4.02547346,4.09808333,836536271.6,3494221350
77,Polkadot,DOT,11/5/2020 23:59,4.29735366,4.02567638,4.09808406,4.23519485,375265287.2,3611129170
78,Polkadot,DOT,11/6/2020 23:59,4.63396518,4.20679887,4.2351967,4.57965191,463200955.9,3904829692
79,Polkadot,DOT,11/7/2020 23:59,4.8383977,4.10651432,4.57965191,4.24195952,724809168.2,3616897050
80,Polkadot,DOT,11/8/2020 23:59,4.42657414,4.14264442,4.24195952,4.37209313,393903989.8,3727855176
81,Polkadot,DOT,11/9/2020 23:59,4.45768447,4.25032719,4.37209282,4.34676728,396903279.9,3706261141
82,Polkadot,DOT,11/10/2020 23:59,4.49828402,4.30889239,4.34676604,4.41501638,379322634.3,3764453584
83,Polkadot,DOT,11/11/2020 23:59,4.62040428,4.41501786,4.41501786,4.4572018,404513889.8,3910436471
84,Polkadot,DOT,11/12/2020 23:59,4.47158639,4.32039652,4.45720124,4.39924024,367161906.9,3860331526
85,Polkadot,DOT,11/13/2020 23:59,4.5850208,4.3741268,4.39924057,4.5401198,342519103.5,3985281156
86,Polkadot,DOT,11/14/2020 23:59,4.55085661,4.37052654,4.5401198,4.4656222,331350626.9,3921402330
87,Polkadot,DOT,11/15/2020 23:59,4.4914761,4.30956438,4.4656222,4.37998835,325439057.7,3847021230
88,Polkadot,DOT,11/16/2020 23:59,4.58954238,4.34586358,4.37998837,4.48549978,445672647.8,3941257093
89,Polkadot,DOT,11/17/2020 23:59,4.91090672,4.56673089,4.60851823,4.84466572,675069949.4,4257774182
90,Polkadot,DOT,11/18/2020 23:59,4.92770963,4.52683822,4.84466781,4.67966267,671452167.7,4113722908
91,Polkadot,DOT,11/19/2020 23:59,4.84830787,4.54736358,4.6796579,4.7567662,551607999.5,4182706632
92,Polkadot,DOT,11/20/2020 23:59,5.45979635,4.75243484,4.75675938,5.23343571,1027776286,4602682307
93,Polkadot,DOT,11/21/2020 23:59,5.80604287,5.14174493,5.23343578,5.75192122,1022750932,5060561832
94,Polkadot,DOT,11/22/2020 23:59,5.83437499,5.22339427,5.75192122,5.48185289,1048639986,4825834134
95,Polkadot,DOT,11/23/2020 23:59,5.93907758,5.4224792,5.4818537,5.9069321,997956276.7,5201454893
96,Polkadot,DOT,11/24/2020 23:59,6.07569416,5.62448412,5.90790609,5.72944635,1113438978,5046372835
97,Polkadot,DOT,11/25/2020 23:59,5.81634992,5.18307308,5.72933505,5.30985986,1011116414,4677929616
98,Polkadot,DOT,11/26/2020 23:59,5.36575883,4.45948111,5.30862451,4.80457692,1433368625,4234022691
99,Polkadot,DOT,11/27/2020 23:59,5.06801663,4.52234416,4.80589982,4.78279012,864684858.3,4215509966
100,Polkadot,DOT,11/28/2020 23:59,4.94454565,4.67918324,4.78354787,4.90047564,415083876.4,4319975484
101,Polkadot,DOT,11/29/2020 23:59,5.20043548,4.81423285,4.90107881,5.19035218,451787953.6,4576446420
102,Polkadot,DOT,11/30/2020 23:59,5.43708402,5.14636224,5.19030706,5.37643011,649773393.1,4741608246
103,Polkadot,DOT,12/1/2020 23:59,5.53034605,5.01844081,5.37725445,5.09356673,777715514.4,4497421389
104,Polkadot,DOT,12/2/2020 23:59,5.53200217,5.03074704,5.09346735,5.46415704,607216780.3,4829741979
105,Polkadot,DOT,12/3/2020 23:59,5.56402352,5.33820734,5.46474445,5.41036865,354593131.1,4783391737
106,Polkadot,DOT,12/4/2020 23:59,5.43447429,4.97195277,5.41014687,5.03271351,422944392.1,4453957346
107,Polkadot,DOT,12/5/2020 23:59,5.19021887,4.89215978,5.02970369,5.18890299,408952852.1,4592436805
108,Polkadot,DOT,12/6/2020 23:59,5.20137924,5.00924389,5.18795949,5.135868,299285627.2,4547051376
109,Polkadot,DOT,12/7/2020 23:59,5.15435519,5.01877917,5.1349856,5.06032011,242900962.5,4483466813
110,Polkadot,DOT,12/8/2020 23:59,5.06721193,4.71273972,5.06063351,4.73334726,398505416.9,4194935616
111,Polkadot,DOT,12/9/2020 23:59,4.93630341,4.62830856,4.73314939,4.8618969,477599466.2,4309886799
112,Polkadot,DOT,12/10/2020 23:59,4.91251239,4.74941748,4.86369986,4.7975962,299121449.4,4253982261
113,Polkadot,DOT,12/11/2020 23:59,4.80492402,4.54607415,4.79805994,4.62105182,366039075.4,4098623898
114,Polkadot,DOT,12/12/2020 23:59,4.79778252,4.61532501,4.61978559,4.74045424,282782417,4205469340
115,Polkadot,DOT,12/13/2020 23:59,4.99499977,4.73516407,4.74072494,4.89121198,280953203.6,4339944731
116,Polkadot,DOT,12/14/2020 23:59,5.00222486,4.83501587,4.89150508,4.89808222,204385756.7,4348029101
117,Polkadot,DOT,12/15/2020 23:59,5.28255265,4.85438298,4.89790732,5.24960699,354033041.7,4672343779
118,Polkadot,DOT,12/16/2020 23:59,5.3618897,5.12476712,5.2488246,5.35931366,508481878.4,4771216326
119,Polkadot,DOT,12/17/2020 23:59,5.72620804,5.29248414,5.35930384,5.34396751,863948411.8,4758675487
120,Polkadot,DOT,12/18/2020 23:59,5.50385148,5.25878558,5.34419463,5.36764091,607402855.9,4785926664
121,Polkadot,DOT,12/19/2020 23:59,5.56725355,5.28772665,5.36705971,5.33894511,517648631.3,4761254337
122,Polkadot,DOT,12/20/2020 23:59,5.42929049,5.09057437,5.33888153,5.18847554,519415555.2,4628079243
123,Polkadot,DOT,12/21/2020 23:59,5.4122789,4.80644287,5.18823768,4.89054553,665375357.7,4365028373
124,Polkadot,DOT,12/22/2020 23:59,5.17323987,4.81480669,4.88816092,5.15482991,697260531.8,4603028363
125,Polkadot,DOT,12/23/2020 23:59,5.18418968,4.61913329,5.15447351,4.71061346,665441294.9,4207716404
126,Polkadot,DOT,12/24/2020 23:59,5.19615572,4.65531234,4.71197661,5.12882058,646511051.1,4582660904
127,Polkadot,DOT,12/25/2020 23:59,5.27200599,5.0434508,5.12784582,5.21421049,512565394.4,4659822224
128,Polkadot,DOT,12/26/2020 23:59,5.27387414,5.0939321,5.21489519,5.18218102,484934517.6,4632413801
129,Polkadot,DOT,12/27/2020 23:59,5.3944387,4.95218462,5.18195938,5.13619073,784179880.7,4592307413
130,Polkadot,DOT,12/28/2020 23:59,6.6447538,5.12208394,5.13639127,6.5888218,1746628677,5892566077
131,Polkadot,DOT,12/29/2020 23:59,7.60713593,6.19806569,6.58275357,7.51925703,2717983832,6727781087
132,Polkadot,DOT,12/30/2020 23:59,7.6514477,7.08811299,7.51916021,7.25430008,2059017629,6492175417
133,Polkadot,DOT,12/31/2020 23:59,9.43012996,7.16996048,7.2505681,9.29250771,2751292067,8318279231
134,Polkadot,DOT,1/1/2021 23:59,9.41658697,8.12019359,9.28818018,8.30681869,2791211123,7442884318
135,Polkadot,DOT,1/2/2021 23:59,9.76133483,7.94329035,8.30549192,9.20883657,3049232407,8254057307
136,Polkadot,DOT,1/3/2021 23:59,10.45749316,8.87336163,9.20964777,10.03328252,3032883074,8995148461
137,Polkadot,DOT,1/4/2021 23:59,10.50556452,8.77720999,10.06204809,9.46961118,2893262630,8492158903
138,Polkadot,DOT,1/5/2021 23:59,10.041344,9.08426331,9.4758016,9.70165565,2080742171,8704252438
139,Polkadot,DOT,1/6/2021 23:59,10.3715982,9.48974265,9.70711269,10.09606799,2382484175,9059681060
140,Polkadot,DOT,1/7/2021 23:59,10.62900489,9.49640177,10.09401413,9.64458538,2521342761,8658771900
141,Polkadot,DOT,1/8/2021 23:59,9.79544873,8.86168449,9.64512594,9.30713511,2350202788,8357620979
142,Polkadot,DOT,1/9/2021 23:59,9.82315065,9.05346608,9.30577328,9.77776543,1478813230,8783858938
143,Polkadot,DOT,1/10/2021 23:59,9.99455295,8.75295111,9.77731794,9.30504759,1603968712,8361125118
144,Polkadot,DOT,1/11/2021 23:59,9.3046542,7.22859045,9.3046542,8.27643995,3251043299,7438402688
145,Polkadot,DOT,1/12/2021 23:59,8.61610415,7.97365285,8.27225943,8.26414763,1918790089,7431056432
146,Polkadot,DOT,1/13/2021 23:59,11.2997456,7.98951889,8.26511159,10.95771005,2915711373,9857235821
147,Polkadot,DOT,1/14/2021 23:59,14.54970333,10.92501202,10.94787585,14.5390503,5405054869,13082749823
148,Polkadot,DOT,1/15/2021 23:59,14.85537724,11.85157894,14.52252001,13.21238089,6159630996,11892435980
149,Polkadot,DOT,1/16/2021 23:59,19.32206214,13.18575448,13.19804993,18.18042437,8917081506,16377017838
150,Polkadot,DOT,1/17/2021 23:59,18.15034209,16.40896057,18.15034209,16.98425436,6091648732,15306722570
151,Polkadot,DOT,1/18/2021 23:59,18.10170615,15.82463038,16.9970155,16.51292725,3888179752,14889926543
152,Polkadot,DOT,1/19/2021 23:59,17.46754468,16.0483279,16.52107766,16.46850969,3414422602,14857593596
153,Polkadot,DOT,1/20/2021 23:59,18.12574402,14.83346915,16.45249684,17.94893082,4624508717,16197751625
154,Polkadot,DOT,1/21/2021 23:59,18.06077054,15.05248231,17.97941492,15.94483794,4843725549,14394680976
155,Polkadot,DOT,1/22/2021 23:59,17.98386443,14.89192568,15.93100806,17.16144057,2991599976,15498857928
156,Polkadot,DOT,1/23/2021 23:59,18.75369846,16.87032158,17.15959053,18.59819899,2842317183,16800498070
157,Polkadot,DOT,1/24/2021 23:59,18.7245281,17.3805254,18.60063423,17.99964968,2800444854,16268654954
158,Polkadot,DOT,1/25/2021 23:59,19.05194556,17.11970836,17.99759425,17.25045506,3351498659,15598550884
159,Polkadot,DOT,1/26/2021 23:59,17.76909839,16.07543158,17.24464759,17.11776161,2588253411,15487077235
160,Polkadot,DOT,1/27/2021 23:59,17.11611272,15.08426589,17.11611272,15.50486144,2973163194,14031295907
161,Polkadot,DOT,1/28/2021 23:59,17.46306249,15.35657055,15.49823697,16.9449327,2960951225,15338599024
162,Polkadot,DOT,1/29/2021 23:59,17.64278951,16.03200117,17.10266916,16.8416124,3657663583,15249211491
163,Polkadot,DOT,1/30/2021 23:59,17.05015533,16.16195006,16.83674926,16.50690794,1998709420,14948992534
164,Polkadot,DOT,1/31/2021 23:59,17.45610132,15.81397223,16.5115788,16.12131511,2540474629,14603207739
165,Polkadot,DOT,2/1/2021 23:59,16.51658306,15.74336417,16.12302274,16.37577622,2228986208,14839696019
166,Polkadot,DOT,2/2/2021 23:59,17.60391837,16.03933267,16.38133508,17.26325602,2658383686,15648346887
167,Polkadot,DOT,2/3/2021 23:59,20.73365167,16.84036612,17.24720261,20.73365167,4685307862,18799060619
168,Polkadot,DOT,2/4/2021 23:59,21.55594943,19.04331279,20.72829497,19.7021819,4858842246,17871050304
169,Polkadot,DOT,2/5/2021 23:59,21.28348923,19.53170913,19.68862863,20.90267541,3387079061,18965454796
170,Polkadot,DOT,2/6/2021 23:59,21.29830738,19.8142053,20.89211182,20.39547912,2622835076,18510385438
171,Polkadot,DOT,2/7/2021 23:59,20.77747875,18.62379262,20.39062077,19.793615,3038407999,17972785450
172,Polkadot,DOT,2/8/2021 23:59,23.6081695,19.23323489,19.78141947,23.03189853,4736654531,20918997056
173,Polkadot,DOT,2/9/2021 23:59,24.05441205,22.36963602,23.03005688,23.12996524,3446396914,21013455490
174,Polkadot,DOT,2/10/2021 23:59,24.78626906,22.13630506,23.11301609,23.58505148,4203061885,21431620371
175,Polkadot,DOT,2/11/2021 23:59,25.57770797,23.33355038,23.59052511,25.23029476,4060334812,22891907598
176,Polkadot,DOT,2/12/2021 23:59,29.66852868,24.54988143,25.17412377,28.6912576,4562466560,26041864560
177,Polkadot,DOT,2/13/2021 23:59,30.14641266,27.47308229,28.68711701,28.01672488,4947621076,26570627681
178,Polkadot,DOT,2/14/2021 23:59,29.37290487,26.54398832,28.01349437,27.09573509,3550653217,24608750493
179,Polkadot,DOT,2/15/2021 23:59,29.44811054,23.61261123,27.06463405,27.78089328,5407907535,25240366453
180,Polkadot,DOT,2/16/2021 23:59,30.97385946,26.9609095,27.76352835,30.15991114,5274752208,27409464568
181,Polkadot,DOT,2/17/2021 23:59,32.34794671,29.73283891,30.16430944,31.98665846,4292546900,29077428853
182,Polkadot,DOT,2/18/2021 23:59,32.57830012,30.62994653,31.9813541,31.18063869,1992921511,29226703999
183,Polkadot,DOT,2/19/2021 23:59,34.98970105,29.62764461,31.18814584,34.79221729,3466759116,31650533003
184,Polkadot,DOT,2/20/2021 23:59,42.06305045,34.79711355,34.79711355,39.24217734,6056666198,35712761350
185,Polkadot,DOT,2/21/2021 23:59,40.47464646,38.15454567,39.17120107,39.69622868,3721239427,36134675190
186,Polkadot,DOT,2/22/2021 23:59,39.69625153,31.36259827,39.69625153,37.68948023,5770512363,34365198828
187,Polkadot,DOT,2/23/2021 23:59,37.71416818,26.75764262,37.66492985,34.30077361,7502138162,31292320714
188,Polkadot,DOT,2/24/2021 23:59,36.75256913,31.97544502,34.33086055,33.63354631,4724242062,30706882059
189,Polkadot,DOT,2/25/2021 23:59,35.07918133,31.05927338,33.62117186,31.08065968,3470266685,28386405742
190,Polkadot,DOT,2/26/2021 23:59,33.49775173,28.10401053,31.14372953,31.34609002,5147313878,28635864216
191,Polkadot,DOT,2/27/2021 23:59,35.52410967,31.39625235,31.39625235,33.44936632,4507278636,30567858010
192,Polkadot,DOT,2/28/2021 23:59,34.608173,29.96314875,33.45447512,33.60725607,4567616883,30723422512
193,Polkadot,DOT,3/1/2021 23:59,35.58492774,33.19071209,33.64315864,35.58492774,3311498739,32539365963
194,Polkadot,DOT,3/2/2021 23:59,37.75641828,34.59242598,35.5887829,36.15311759,3752858101,33066586008
195,Polkadot,DOT,3/3/2021 23:59,38.54848952,36.15744733,36.15830936,37.04332,2683665084,33889450252
196,Polkadot,DOT,3/4/2021 23:59,38.27611019,34.45174108,37.03825299,35.33031248,2868268909,32332933421
197,Polkadot,DOT,3/5/2021 23:59,35.31525414,31.58006449,35.31525414,33.72447211,3035955286,30877097836
198,Polkadot,DOT,3/6/2021 23:59,34.15437591,32.18219462,33.68504088,33.43369173,1637892896,30620375379
199,Polkadot,DOT,3/7/2021 23:59,35.21985206,33.39497543,33.43384142,35.18865962,1607577506,32235883115
200,Polkadot,DOT,3/8/2021 23:59,35.4919214,33.5098295,35.17960148,34.91375165,1855547495,31990861423
201,Polkadot,DOT,3/9/2021 23:59,38.74789037,34.60213192,34.93091957,38.1941911,3020766952,35076916392
202,Polkadot,DOT,3/10/2021 23:59,39.41561813,36.43911409,38.17916143,37.56694449,3143656899,34509354022
203,Polkadot,DOT,3/11/2021 23:59,37.97154134,35.95738567,37.54322074,36.8824972,2563507906,33892867858
204,Polkadot,DOT,3/12/2021 23:59,37.42766699,34.68550486,36.88960511,35.98695422,2198904040,33082975405
205,Polkadot,DOT,3/13/2021 23:59,38.1531821,34.80977944,35.98869334,37.15781161,2115307643,34191013936
206,Polkadot,DOT,3/14/2021 23:59,37.87159844,36.33742146,37.17006268,36.57925054,1640191647,33665914793
207,Polkadot,DOT,3/15/2021 23:59,38.38170511,34.13330133,36.56109966,34.35751567,2905566504,31628536887
208,Polkadot,DOT,3/16/2021 23:59,35.45328866,32.24177211,34.34337893,35.43083163,2518683414,32624297093
209,Polkadot,DOT,3/17/2021 23:59,36.35843493,34.56258472,35.43600893,36.1413638,2111418087,33288119794
210,Polkadot,DOT,3/18/2021 23:59,36.94623806,35.45511394,36.10852089,35.51722321,1639504240,32732241794
211,Polkadot,DOT,3/19/2021 23:59,38.9668376,34.89021834,35.49811914,38.27268979,2491198971,35283417850
212,Polkadot,DOT,3/20/2021 23:59,40.13145763,37.33624812,38.28895692,37.35047923,2133559565,34442160749
213,Polkadot,DOT,3/21/2021 23:59,38.15419624,36.19993762,37.3563489,36.79361002,1930244845,33936891287
214,Polkadot,DOT,3/22/2021 23:59,37.78388053,35.40290518,36.79297931,35.53754338,1929884756,32787171367
215,Polkadot,DOT,3/23/2021 23:59,36.40205717,34.26506905,35.50693781,34.46046617,1728982595,31800924930
216,Polkadot,DOT,3/24/2021 23:59,36.14900428,28.33835594,34.45226893,30.43643479,2729222673,28093491363
217,Polkadot,DOT,3/25/2021 23:59,31.2349987,28.66822211,30.36317704,29.9822075,3433822540,27682831356
218,Polkadot,DOT,3/26/2021 23:59,33.43862425,29.93605303,29.9690598,33.2003874,1735749439,30664937495
219,Polkadot,DOT,3/27/2021 23:59,33.53273625,31.23095883,33.20174871,32.6610468,1518535916,30174087039
220,Polkadot,DOT,3/28/2021 23:59,33.24730548,31.46784819,32.64219779,32.29789284,1138942373,29845818892
221,Polkadot,DOT,3/29/2021 23:59,34.68859059,31.85914414,32.29410959,34.37360543,1639815517,31772348772
222,Polkadot,DOT,3/30/2021 23:59,34.78227468,33.6127741,34.36458832,34.06686061,1281200871,31495837002
223,Polkadot,DOT,3/31/2021 23:59,38.1957065,33.51557876,34.07513129,37.0270117,3527967413,34243351177
224,Polkadot,DOT,4/1/2021 23:59,38.99464219,36.19287646,37.09178775,37.67287759,2811720574,34849767584
225,Polkadot,DOT,4/2/2021 23:59,41.3800268,36.89369109,37.63400057,41.16428269,2824216498,38097210602
226,Polkadot,DOT,4/3/2021 23:59,46.85270437,41.07139125,41.18177414,41.64603202,5242091096,38552114089
227,Polkadot,DOT,4/4/2021 23:59,45.21769613,41.07725506,41.61279092,44.65221029,3120632809,41344587412
228,Polkadot,DOT,4/5/2021 23:59,45.848615,42.25498301,44.66585893,45.79722903,2937995182,42409475220
229,Polkadot,DOT,4/6/2021 23:59,46.22871006,41.86382915,45.80988541,43.43019764,3105511689,40227628839
230,Polkadot,DOT,4/7/2021 23:59,43.47642764,38.04662876,43.42070941,39.59401474,3804483298,36684028924
231,Polkadot,DOT,4/8/2021 23:59,41.50545306,39.35376182,39.62665979,41.36595051,1864637395,38338014018
232,Polkadot,DOT,4/9/2021 23:59,42.05479665,40.16448902,41.35203758,40.84930674,1318352700,37897731571
233,Polkadot,DOT,4/10/2021 23:59,42.74890785,39.98325895,40.83458274,41.62615053,1647212348,38627460964
234,Polkadot,DOT,4/11/2021 23:59,41.93113954,39.98729223,41.61327688,41.42339827,1534168402,38470489157
235,Polkadot,DOT,4/12/2021 23:59,41.73118944,39.45361818,41.41729303,40.4974979,1787924966,37621038919
236,Polkadot,DOT,4/13/2021 23:59,43.32196509,39.86016795,40.44916949,42.94790898,2556927711,39909308744
237,Polkadot,DOT,4/14/2021 23:59,44.53425848,40.11277797,42.89757509,42.64084196,2954854988,39634833632
238,Polkadot,DOT,4/15/2021 23:59,44.30052183,41.51682351,42.5725275,43.51597027,2266870611,40458356426
239,Polkadot,DOT,4/16/2021 23:59,43.79800252,40.16382411,43.46696076,41.53797586,2697585009,38632752999
240,Polkadot,DOT,4/17/2021 23:59,48.36044897,41.49875748,41.51316308,42.53594924,4593280503,39591399258
241,Polkadot,DOT,4/18/2021 23:59,43.10667895,32.87037382,42.56203132,37.34743111,5942657694,34770061976
242,Polkadot,DOT,4/19/2021 23:59,38.69322796,34.06514609,37.37347541,34.81667125,2813475560,32422222570
243,Polkadot,DOT,4/20/2021 23:59,35.72856686,31.64241809,34.71557323,35.44443611,3357861319,33018027789
244,Polkadot,DOT,4/21/2021 23:59,36.26026394,33.1082513,35.46178755,33.87103012,2811533459,31559858460
245,Polkadot,DOT,4/22/2021 23:59,36.713582,32.81059165,33.79371894,32.98847419,3470349242,30745137197
246,Polkadot,DOT,4/23/2021 23:59,33.45523164,27.13044354,32.95511277,32.22798449,4380184942,30046816983
247,Polkadot,DOT,4/24/2021 23:59,32.39307953,28.56708669,32.25593282,28.93283285,2000992624,26981554376
248,Polkadot,DOT,4/25/2021 23:59,31.26188065,28.18421475,28.96876422,29.76249034,1620694353,27761506662
249,Polkadot,DOT,4/26/2021 23:59,33.45231914,29.78429276,29.81365756,33.40662676,2200104405,31171742686
250,Polkadot,DOT,4/27/2021 23:59,34.9220179,33.19032078,33.41890211,34.70315875,1844667809,32388898377
251,Polkadot,DOT,4/28/2021 23:59,35.34661419,32.64501559,34.7920451,33.967554,1856657053,31710405662
252,Polkadot,DOT,4/29/2021 23:59,35.96815555,32.99127677,33.96497434,35.96815555,1827249049,33586658507
253,Polkadot,DOT,4/30/2021 23:59,36.79503318,35.13565407,35.97789363,36.54066328,2210863082,34134808697
254,Polkadot,DOT,5/1/2021 23:59,37.36146198,35.90956863,36.51767177,36.92968465,1596159168,34504880432
255,Polkadot,DOT,5/2/2021 23:59,37.16471683,35.60399654,36.89778121,36.65453024,1423486755,34253692068
256,Polkadot,DOT,5/3/2021 23:59,38.25682765,36.62281797,36.63914617,37.2552079,1857108732,34826556841
257,Polkadot,DOT,5/4/2021 23:59,37.91180071,34.62866993,37.2567707,34.85350908,2627951840,32587842121
258,Polkadot,DOT,5/5/2021 23:59,40.71844149,34.53526728,34.76781403,40.49504611,3300471923,37882863795
259,Polkadot,DOT,5/6/2021 23:59,43.73299891,38.05546979,40.4424586,41.53346783,4088642953,38870956123
260,Polkadot,DOT,5/7/2021 23:59,42.5819992,38.41996111,41.57681734,39.92985068,3016255239,37378618337
261,Polkadot,DOT,5/8/2021 23:59,40.5913463,38.77667922,39.87844715,39.83269154,1754219539,37295541911
262,Polkadot,DOT,5/9/2021 23:59,40.54980599,38.28005499,39.88988709,40.31284249,2294525692,37754263203
263,Polkadot,DOT,5/10/2021 23:59,41.7878238,32.6597149,40.30022299,36.54177226,3187436826,34235729961
264,Polkadot,DOT,5/11/2021 23:59,38.64228338,35.58522264,36.51004397,38.64228338,2263017018,36214689634
265,Polkadot,DOT,5/12/2021 23:59,42.41300707,34.0313921,38.6512219,34.0313921,3698746095,31900616639
266,Polkadot,DOT,5/13/2021 23:59,41.78798031,33.15098189,35.05686762,40.03165509,7032709584,37533419368
267,Polkadot,DOT,5/14/2021 23:59,47.96388527,39.45735893,39.96755168,47.94594002,5633438540,44973584933
268,Polkadot,DOT,5/15/2021 23:59,49.69296011,42.97632297,47.95978038,43.53863138,6487556686,40852130812
269,Polkadot,DOT,5/16/2021 23:59,46.64037641,39.4535231,43.53163123,42.6315128,4268621267,40009764155
270,Polkadot,DOT,5/17/2021 23:59,42.38621234,35.43005858,42.38621234,38.71015867,4779518016,36337830039
271,Polkadot,DOT,5/18/2021 23:59,42.60001659,37.85058225,38.63136755,40.64535668,3914013746,38165764962
272,Polkadot,DOT,5/19/2021 23:59,41.3405191,18.63531351,40.68881851,25.2271421,10069997172,23694720120
273,Polkadot,DOT,5/20/2021 23:59,31.22970306,21.27937854,25.06049495,29.15056918,6694931133,27386147609
274,Polkadot,DOT,5/21/2021 23:59,30.98013845,20.02960554,29.01582402,24.46397045,6442011513,22988002770
275,Polkadot,DOT,5/22/2021 23:59,24.60132716,20.48414525,24.46899744,22.01452423,4379003452,20693927991
276,Polkadot,DOT,5/23/2021 23:59,23.46412083,13.82285684,22.06967656,18.02944198,6002858936,16949899549
277,Polkadot,DOT,5/24/2021 23:59,23.48863334,17.20832494,17.92250117,23.1990897,4412004564,21843419360
278,Polkadot,DOT,5/25/2021 23:59,24.20380085,19.75786149,23.25743161,22.13013035,3303527397,20845054527
279,Polkadot,DOT,5/26/2021 23:59,24.74044517,21.67319127,22.18569959,24.54968784,3100578186,23128780887
280,Polkadot,DOT,5/27/2021 23:59,24.89831481,21.80986433,24.54621841,23.85298245,2755550527,22478683384
281,Polkadot,DOT,5/28/2021 23:59,26.11575676,20.12740564,23.97679157,21.41009275,4521086730,20182855365
282,Polkadot,DOT,5/29/2021 23:59,22.27108976,18.80724308,21.36764439,19.86337513,2392272347,18728941361
283,Polkadot,DOT,5/30/2021 23:59,21.24522272,18.56164528,19.86341985,20.47398745,1947583708,19308719942
284,Polkadot,DOT,5/31/2021 23:59,23.43092808,19.09707297,20.47718853,23.43092808,2651300356,22107873817
285,Polkadot,DOT,6/1/2021 23:59,23.51683928,21.74542855,23.29697059,22.81084573,2230220978,21534458659
286,Polkadot,DOT,6/2/2021 23:59,26.84489192,22.68424677,22.84712415,25.95772798,2962777621,24511128160
287,Polkadot,DOT,6/3/2021 23:59,28.61492697,25.75054551,25.94164319,27.01345782,2803059246,25520462773
288,Polkadot,DOT,6/4/2021 23:59,26.98731383,23.70758147,26.98731383,25.00829946,2801117143,23633978172
289,Polkadot,DOT,6/5/2021 23:59,26.38899242,23.06475831,25.02138428,23.81677127,2102969701,22512800467
290,Polkadot,DOT,6/6/2021 23:59,24.45808996,23.62495653,23.79379376,24.20159944,1187622849,22881676131
291,Polkadot,DOT,6/7/2021 23:59,25.2790277,21.43222602,24.20263272,21.62695835,1861117892,20452577185
292,Polkadot,DOT,6/8/2021 23:59,22.27193185,19.66378224,21.70325315,21.74526987,2653898124,20675304866
293,Polkadot,DOT,6/9/2021 23:59,23.28306467,20.43595595,21.66172229,23.18493857,2220005781,22049780789
294,Polkadot,DOT,6/10/2021 23:59,24.55192343,22.10696921,23.20024973,22.68481641,2114395058,21579027447
295,Polkadot,DOT,6/11/2021 23:59,23.19260269,20.51598042,22.68362649,20.9858573,1517304438,19969703628
296,Polkadot,DOT,6/12/2021 23:59,21.2575688,19.52117151,20.96389618,20.77703646,1455506948,19774962202
297,Polkadot,DOT,6/13/2021 23:59,22.40164162,19.99381953,20.75563449,22.07633422,1233102638,21016241301
298,Polkadot,DOT,6/14/2021 23:59,26.03101132,21.30542123,22.04492142,22.2053555,1232810594,21142757781
299,Polkadot,DOT,6/15/2021 23:59,25.9852412,23.64809878,25.18689212,24.76083633,3151346883,23583335076
300,Polkadot,DOT,6/16/2021 23:59,24.5405144,22.57531563,23.96950396,22.97217496,1694813679,21884961261
301,Polkadot,DOT,6/17/2021 23:59,23.99691517,22.01553669,23.01753057,22.51145401,1236017502,21451987223
302,Polkadot,DOT,6/18/2021 23:59,22.56563574,20.27352959,22.54719036,21.39889603,1406342364,20399261184
303,Polkadot,DOT,6/19/2021 23:59,21.65412116,20.31339257,21.45077474,20.35594177,997553727.2,19409073661
304,Polkadot,DOT,6/20/2021 23:59,21.01765138,18.95250449,20.26367282,20.6723643,1309501356,19717389791
305,Polkadot,DOT,6/21/2021 23:59,20.77697272,15.38143918,20.63824031,15.76990391,2426849565,15045756872
306,Polkadot,DOT,6/22/2021 23:59,16.93510543,13.05684687,15.72316424,14.65241199,3026165113,13982696286
307,Polkadot,DOT,6/23/2021 23:59,16.80120876,14.00846516,14.65987879,16.14248997,2060945482,15406989340
308,Polkadot,DOT,6/24/2021 23:59,16.59453647,14.75392928,15.81025479,16.25365762,1163182954,15518435007
309,Polkadot,DOT,6/25/2021 23:59,16.72120201,14.46769563,16.2320131,14.46769563,1273917013,13818635590
310,Polkadot,DOT,6/26/2021 23:59,14.99123561,13.64580144,14.44185868,14.49961244,1135392300,13851821554
311,Polkadot,DOT,6/27/2021 23:59,15.04033345,14.06421053,14.51903393,15.01559423,982313260.6,14348288116
312,Polkadot,DOT,6/28/2021 23:59,16.03286009,14.68241799,15.03558628,15.74037753,1109200887,15045474177
313,Polkadot,DOT,6/29/2021 23:59,17.03167049,15.73813803,15.77603272,16.2533695,1342798978,15539593420
314,Polkadot,DOT,6/30/2021 23:59,16.62264462,15.1049995,16.30740897,16.40219483,1208316036,15685335248
315,Polkadot,DOT,7/1/2021 23:59,16.41434078,14.89505189,16.41434078,15.2789639,883647160.6,14620685888
316,Polkadot,DOT,7/2/2021 23:59,15.46918692,14.67511537,15.21906072,15.34077444,753194772.6,14683488904
317,Polkadot,DOT,7/3/2021 23:59,15.77697821,15.06826285,15.32193389,15.5537163,711235057.2,14890349403
318,Polkadot,DOT,7/4/2021 23:59,16.57944471,15.22181341,15.5535839,16.01402627,752075892.8,15335470066
319,Polkadot,DOT,7/5/2021 23:59,15.99653972,14.78873979,15.99653972,15.23558237,844844585.8,14593231500
320,Polkadot,DOT,7/6/2021 23:59,16.16234365,15.21081014,15.240785,16.14356433,1001573398,15467724814
